﻿<?xml version="1.0" encoding="utf-8"?>
<!--DO NOT EDIT. This document is generated by PSoC Creator design builds.-->
<PSoCCreatorIdeExport Version="1">
  <Device Part="CY8C5868AXI-LP035" Processor="CortexM3" DeviceID="2E123069" />
  <Toolchains>
    <Toolchain Name="ARM GCC Generic" Selected="True">
      <Tool Name="prebuild" Command="" Options="" />
      <Tool Name="assembler" Command="arm-none-eabi-as.exe" Options="-mcpu=cortex-m3 -mthumb -I. -IGenerated_Source\PSoC5 -alh=${OutputDir}/${CompileFile}.lst -g -W" />
      <Tool Name="compiler" Command="arm-none-eabi-gcc.exe" Options="-mcpu=cortex-m3 -mthumb -I. -IGenerated_Source\PSoC5 -Wa,-alh=${OutputDir}/${CompileFile}.lst -g -D DEBUG -D CY_CORE_ID=0 -Wall -ffunction-sections -ffat-lto-objects -Og" />
      <Tool Name="linker" Command="arm-none-eabi-gcc.exe" Options="-mcpu=cortex-m3 -mthumb -L Generated_Source\PSoC5 -Wl,-Map,${OutputDir}/${ProjectShortName}.map -T Generated_Source\PSoC5\cm3gcc.ld -specs=nano.specs -Wl,--gc-sections -g -ffunction-sections -Og -ffat-lto-objects" />
      <Tool Name="postbuild" Command="" Options="" />
    </Toolchain>
    <Toolchain Name="ARM MDK Generic" Selected="False">
      <Tool Name="prebuild" Command="" Options="" />
      <Tool Name="assembler" Command="armasm.exe" Options="--cpu=Cortex-M3 --diag_style=gnu --thumb -i. -iGenerated_Source\PSoC5 -g --list=${OutputDir}/${CompileFile}.lst &quot;--predefine=__MICROLIB SETA 1&quot;" />
      <Tool Name="compiler" Command="armcc.exe" Options="--cpu=Cortex-M3 --C99 --diag_style=gnu -I. -IGenerated_Source\PSoC5 --list --signed_chars -g -D DEBUG -D CY_CORE_ID=0 -O0 --split_sections -D__MICROLIB" />
      <Tool Name="linker" Command="armlink.exe" Options="--cpu=Cortex-M3 --diag_style=gnu --no_startup --library_type=microlib --map --list ${OutputDir}/${ProjectShortName}.map --scatter Generated_Source\PSoC5\Cm3RealView.scat" />
      <Tool Name="postbuild" Command="" Options="" />
    </Toolchain>
    <Toolchain Name="ARM IAR Generic" Selected="False">
      <Tool Name="prebuild" Command="" Options="" />
      <Tool Name="assembler" Command="iasmarm.exe" Options="--cpu Cortex-M3 -I. -IGenerated_Source\PSoC5 -s+ -M&lt;&gt; -w+ -r -DDEBUG --fpu None" />
      <Tool Name="compiler" Command="iccarm.exe" Options="--cpu Cortex-M3 -I. -IGenerated_Source\PSoC5 -D DEBUG -D CY_CORE_ID=0 -I. -IGenerated_Source\PSoC5 -D DEBUG -D CY_CORE_ID=0 --no_cse --no_unroll --no_inline --no_code_motion --no_tbaa --no_clustering --no_scheduling --debug --endian=little -e --fpu=None -On --no_wrap_diagnostics" />
      <Tool Name="linker" Command="ilinkarm.exe" Options="--semihosting --entry __iar_program_start --config Generated_Source\PSoC5\Cm3Iar.icf" />
      <Tool Name="postbuild" Command="" Options="" />
    </Toolchain>
  </Toolchains>
  <Project Name="potrobika" Path="C:\beagyazott rendszerek\potrobika\potrobika.cydsn" Version="5.70" Type="Normal">
    <CMSIS_SVD_File>potrobika.svd</CMSIS_SVD_File>
    <Datasheet />
    <LinkerFiles>
      <LinkerFile Toolchain="ARM GCC Generic">.\Generated_Source\PSoC5\cm3gcc.ld</LinkerFile>
      <LinkerFile Toolchain="ARM MDK Generic">.\Generated_Source\PSoC5\Cm3RealView.scat</LinkerFile>
      <LinkerFile Toolchain="ARM IAR Generic">.\Generated_Source\PSoC5\Cm3Iar.icf</LinkerFile>
    </LinkerFiles>
    <Folders>
      <Folder BuildType="STRICT" Path="C:\beagyazott rendszerek\potrobika\potrobika.cydsn">
        <Files Root="C:\beagyazott rendszerek\potrobika\potrobika.cydsn">
          <File BuildType="BUILD" Toolchain="">main.c</File>
          <File BuildType="BUILD" Toolchain="">cyapicallbacks.h</File>
        </Files>
      </Folder>
      <Folder BuildType="STRICT" Path="C:\beagyazott rendszerek\potrobika\potrobika.cydsn\Generated_Source\PSoC5">
        <Files Root="C:\beagyazott rendszerek\potrobika\potrobika.cydsn">
          <File BuildType="BUILD" Toolchain="">Generated_Source\PSoC5\cyfitter_cfg.h</File>
          <File BuildType="BUILD" Toolchain="">Generated_Source\PSoC5\cyfitter_cfg.c</File>
          <File BuildType="BUILD" Toolchain="">Generated_Source\PSoC5\cymetadata.c</File>
          <File BuildType="BUILD" Toolchain="">Generated_Source\PSoC5\cydevice.h</File>
          <File BuildType="BUILD" Toolchain="">Generated_Source\PSoC5\cydevicegnu.inc</File>
          <File BuildType="BUILD" Toolchain="">Generated_Source\PSoC5\cydevicerv.inc</File>
          <File BuildType="BUILD" Toolchain="">Generated_Source\PSoC5\cydeviceiar.inc</File>
          <File BuildType="BUILD" Toolchain="">Generated_Source\PSoC5\cydevice_trm.h</File>
          <File BuildType="BUILD" Toolchain="">Generated_Source\PSoC5\cydevicegnu_trm.inc</File>
          <File BuildType="BUILD" Toolchain="">Generated_Source\PSoC5\cydevicerv_trm.inc</File>
          <File BuildType="BUILD" Toolchain="">Generated_Source\PSoC5\cydeviceiar_trm.inc</File>
          <File BuildType="BUILD" Toolchain="">Generated_Source\PSoC5\cyfittergnu.inc</File>
          <File BuildType="BUILD" Toolchain="">Generated_Source\PSoC5\cyfitterrv.inc</File>
          <File BuildType="BUILD" Toolchain="">Generated_Source\PSoC5\cyfitteriar.inc</File>
          <File BuildType="BUILD" Toolchain="">Generated_Source\PSoC5\cyfitter.h</File>
          <File BuildType="BUILD" Toolchain="">Generated_Source\PSoC5\cydisabledsheets.h</File>
          <File BuildType="BUILD" Toolchain="">Generated_Source\PSoC5\LEFT_PWM.c</File>
          <File BuildType="BUILD" Toolchain="">Generated_Source\PSoC5\LEFT_PWM.h</File>
          <File BuildType="BUILD" Toolchain="">Generated_Source\PSoC5\LEFT_PWM_PM.c</File>
          <File BuildType="BUILD" Toolchain="">Generated_Source\PSoC5\Clock_1.c</File>
          <File BuildType="BUILD" Toolchain="">Generated_Source\PSoC5\Clock_1.h</File>
          <File BuildType="BUILD" Toolchain="">Generated_Source\PSoC5\IR_FL1_aliases.h</File>
          <File BuildType="BUILD" Toolchain="">Generated_Source\PSoC5\IR_FL1.c</File>
          <File BuildType="BUILD" Toolchain="">Generated_Source\PSoC5\IR_FL1.h</File>
          <File BuildType="BUILD" Toolchain="">Generated_Source\PSoC5\IR_FR2_aliases.h</File>
          <File BuildType="BUILD" Toolchain="">Generated_Source\PSoC5\IR_FR2.c</File>
          <File BuildType="BUILD" Toolchain="">Generated_Source\PSoC5\IR_FR2.h</File>
          <File BuildType="BUILD" Toolchain="">Generated_Source\PSoC5\LEFT_MOTOR_CONTROL_aliases.h</File>
          <File BuildType="BUILD" Toolchain="">Generated_Source\PSoC5\LEFT_MOTOR_CONTROL.c</File>
          <File BuildType="BUILD" Toolchain="">Generated_Source\PSoC5\LEFT_MOTOR_CONTROL.h</File>
          <File BuildType="BUILD" Toolchain="">Generated_Source\PSoC5\Right_MOTOR_CONTROL_aliases.h</File>
          <File BuildType="BUILD" Toolchain="">Generated_Source\PSoC5\Right_MOTOR_CONTROL.c</File>
          <File BuildType="BUILD" Toolchain="">Generated_Source\PSoC5\Right_MOTOR_CONTROL.h</File>
          <File BuildType="BUILD" Toolchain="">Generated_Source\PSoC5\BSTARTGOMB_aliases.h</File>
          <File BuildType="BUILD" Toolchain="">Generated_Source\PSoC5\BSTARTGOMB.c</File>
          <File BuildType="BUILD" Toolchain="">Generated_Source\PSoC5\BSTARTGOMB.h</File>
          <File BuildType="BUILD" Toolchain="">Generated_Source\PSoC5\RIGHT_PWM.c</File>
          <File BuildType="BUILD" Toolchain="">Generated_Source\PSoC5\RIGHT_PWM.h</File>
          <File BuildType="BUILD" Toolchain="">Generated_Source\PSoC5\RIGHT_PWM_PM.c</File>
          <File BuildType="BUILD" Toolchain="">Generated_Source\PSoC5\LEFT_MOTOR_DIR_aliases.h</File>
          <File BuildType="BUILD" Toolchain="">Generated_Source\PSoC5\LEFT_MOTOR_DIR.c</File>
          <File BuildType="BUILD" Toolchain="">Generated_Source\PSoC5\LEFT_MOTOR_DIR.h</File>
          <File BuildType="BUILD" Toolchain="">Generated_Source\PSoC5\RIGHT_MOTOR_DIR_aliases.h</File>
          <File BuildType="BUILD" Toolchain="">Generated_Source\PSoC5\RIGHT_MOTOR_DIR.c</File>
          <File BuildType="BUILD" Toolchain="">Generated_Source\PSoC5\RIGHT_MOTOR_DIR.h</File>
          <File BuildType="BUILD" Toolchain="">Generated_Source\PSoC5\BSTOPGOMB_aliases.h</File>
          <File BuildType="BUILD" Toolchain="">Generated_Source\PSoC5\BSTOPGOMB.c</File>
          <File BuildType="BUILD" Toolchain="">Generated_Source\PSoC5\BSTOPGOMB.h</File>
          <File BuildType="BUILD" Toolchain="">Generated_Source\PSoC5\BLED3_aliases.h</File>
          <File BuildType="BUILD" Toolchain="">Generated_Source\PSoC5\BLED3.c</File>
          <File BuildType="BUILD" Toolchain="">Generated_Source\PSoC5\BLED3.h</File>
          <File BuildType="BUILD" Toolchain="ARM GCC Generic">Generated_Source\PSoC5\cm3gcc.ld</File>
          <File BuildType="BUILD" Toolchain="ARM MDK Generic">Generated_Source\PSoC5\Cm3RealView.scat</File>
          <File BuildType="BUILD" Toolchain="">Generated_Source\PSoC5\Cm3Start.c</File>
          <File BuildType="BUILD" Toolchain="">Generated_Source\PSoC5\core_cm3.h</File>
          <File BuildType="BUILD" Toolchain="">Generated_Source\PSoC5\core_cm3_psoc5.h</File>
          <File BuildType="BUILD" Toolchain="ARM GCC Generic">Generated_Source\PSoC5\CyBootAsmGnu.s</File>
          <File BuildType="BUILD" Toolchain="ARM MDK Generic">Generated_Source\PSoC5\CyBootAsmRv.s</File>
          <File BuildType="BUILD" Toolchain="">Generated_Source\PSoC5\CyDmac.c</File>
          <File BuildType="BUILD" Toolchain="">Generated_Source\PSoC5\CyDmac.h</File>
          <File BuildType="BUILD" Toolchain="">Generated_Source\PSoC5\CyFlash.c</File>
          <File BuildType="BUILD" Toolchain="">Generated_Source\PSoC5\CyFlash.h</File>
          <File BuildType="BUILD" Toolchain="">Generated_Source\PSoC5\CyLib.c</File>
          <File BuildType="BUILD" Toolchain="">Generated_Source\PSoC5\CyLib.h</File>
          <File BuildType="BUILD" Toolchain="">Generated_Source\PSoC5\cypins.h</File>
          <File BuildType="BUILD" Toolchain="">Generated_Source\PSoC5\cyPm.c</File>
          <File BuildType="BUILD" Toolchain="">Generated_Source\PSoC5\cyPm.h</File>
          <File BuildType="BUILD" Toolchain="">Generated_Source\PSoC5\CySpc.c</File>
          <File BuildType="BUILD" Toolchain="">Generated_Source\PSoC5\CySpc.h</File>
          <File BuildType="BUILD" Toolchain="">Generated_Source\PSoC5\cytypes.h</File>
          <File BuildType="BUILD" Toolchain="">Generated_Source\PSoC5\cyutils.c</File>
          <File BuildType="BUILD" Toolchain="">Generated_Source\PSoC5\core_cmFunc.h</File>
          <File BuildType="BUILD" Toolchain="">Generated_Source\PSoC5\core_cmInstr.h</File>
          <File BuildType="BUILD" Toolchain="ARM IAR Generic">Generated_Source\PSoC5\Cm3Iar.icf</File>
          <File BuildType="BUILD" Toolchain="ARM IAR Generic">Generated_Source\PSoC5\CyBootAsmIar.s</File>
          <File BuildType="BUILD" Toolchain="">Generated_Source\PSoC5\cmsis_armcc.h</File>
          <File BuildType="BUILD" Toolchain="">Generated_Source\PSoC5\cmsis_gcc.h</File>
          <File BuildType="BUILD" Toolchain="">Generated_Source\PSoC5\cmsis_compiler.h</File>
          <File BuildType="BUILD" Toolchain="">Generated_Source\PSoC5\cy_em_eeprom.c</File>
          <File BuildType="BUILD" Toolchain="">Generated_Source\PSoC5\cy_em_eeprom.h</File>
          <File BuildType="BUILD" Toolchain="">Generated_Source\PSoC5\project.h</File>
          <File BuildType="BUILD" Toolchain="">Generated_Source\PSoC5\cycodeshareimport.ld</File>
          <File BuildType="BUILD" Toolchain="">Generated_Source\PSoC5\cycodeshareexport.ld</File>
          <File BuildType="BUILD" Toolchain="">Generated_Source\PSoC5\cycodeshareimport.scat</File>
          <File BuildType="BUILD" Toolchain="">Generated_Source\PSoC5\ADC_pot.c</File>
          <File BuildType="BUILD" Toolchain="">Generated_Source\PSoC5\ADC_pot.h</File>
          <File BuildType="BUILD" Toolchain="">Generated_Source\PSoC5\ADC_pot_INT.c</File>
          <File BuildType="BUILD" Toolchain="">Generated_Source\PSoC5\ADC_pot_PM.c</File>
          <File BuildType="BUILD" Toolchain="">Generated_Source\PSoC5\ADC_pot_IRQ.c</File>
          <File BuildType="BUILD" Toolchain="">Generated_Source\PSoC5\ADC_pot_IRQ.h</File>
          <File BuildType="BUILD" Toolchain="">Generated_Source\PSoC5\ADC_pot_theACLK.c</File>
          <File BuildType="BUILD" Toolchain="">Generated_Source\PSoC5\ADC_pot_theACLK.h</File>
          <File BuildType="BUILD" Toolchain="">Generated_Source\PSoC5\LCD.c</File>
          <File BuildType="BUILD" Toolchain="">Generated_Source\PSoC5\LCD.h</File>
          <File BuildType="BUILD" Toolchain="">Generated_Source\PSoC5\LCD_PM.c</File>
          <File BuildType="BUILD" Toolchain="">Generated_Source\PSoC5\LCD_LCDPort_aliases.h</File>
          <File BuildType="BUILD" Toolchain="">Generated_Source\PSoC5\LCD_LCDPort.c</File>
          <File BuildType="BUILD" Toolchain="">Generated_Source\PSoC5\LCD_LCDPort.h</File>
          <File BuildType="BUILD" Toolchain="">Generated_Source\PSoC5\IR_FRA_aliases.h</File>
          <File BuildType="BUILD" Toolchain="">Generated_Source\PSoC5\IR_FRA.c</File>
          <File BuildType="BUILD" Toolchain="">Generated_Source\PSoC5\IR_FRA.h</File>
          <File BuildType="BUILD" Toolchain="">Generated_Source\PSoC5\ADC_SARANAL.c</File>
          <File BuildType="BUILD" Toolchain="">Generated_Source\PSoC5\ADC_SARANAL.h</File>
          <File BuildType="BUILD" Toolchain="">Generated_Source\PSoC5\ADC_SARANAL_PM.c</File>
          <File BuildType="BUILD" Toolchain="">Generated_Source\PSoC5\ADC_SARANAL_INT.c</File>
          <File BuildType="BUILD" Toolchain="">Generated_Source\PSoC5\IR_FFA_aliases.h</File>
          <File BuildType="BUILD" Toolchain="">Generated_Source\PSoC5\IR_FFA.c</File>
          <File BuildType="BUILD" Toolchain="">Generated_Source\PSoC5\IR_FFA.h</File>
          <File BuildType="BUILD" Toolchain="">Generated_Source\PSoC5\IR_FLA_aliases.h</File>
          <File BuildType="BUILD" Toolchain="">Generated_Source\PSoC5\IR_FLA.c</File>
          <File BuildType="BUILD" Toolchain="">Generated_Source\PSoC5\IR_FLA.h</File>
          <File BuildType="BUILD" Toolchain="">Generated_Source\PSoC5\IR_BRA_aliases.h</File>
          <File BuildType="BUILD" Toolchain="">Generated_Source\PSoC5\IR_BRA.c</File>
          <File BuildType="BUILD" Toolchain="">Generated_Source\PSoC5\IR_BRA.h</File>
          <File BuildType="BUILD" Toolchain="">Generated_Source\PSoC5\IR_BBA_aliases.h</File>
          <File BuildType="BUILD" Toolchain="">Generated_Source\PSoC5\IR_BBA.c</File>
          <File BuildType="BUILD" Toolchain="">Generated_Source\PSoC5\IR_BBA.h</File>
          <File BuildType="BUILD" Toolchain="">Generated_Source\PSoC5\IR_BLA_aliases.h</File>
          <File BuildType="BUILD" Toolchain="">Generated_Source\PSoC5\IR_BLA.c</File>
          <File BuildType="BUILD" Toolchain="">Generated_Source\PSoC5\IR_BLA.h</File>
          <File BuildType="BUILD" Toolchain="">Generated_Source\PSoC5\ADC_SARANAL_SAR.c</File>
          <File BuildType="BUILD" Toolchain="">Generated_Source\PSoC5\ADC_SARANAL_SAR.h</File>
          <File BuildType="BUILD" Toolchain="">Generated_Source\PSoC5\ADC_SARANAL_SAR_INT.c</File>
          <File BuildType="BUILD" Toolchain="">Generated_Source\PSoC5\ADC_SARANAL_SAR_PM.c</File>
          <File BuildType="BUILD" Toolchain="">Generated_Source\PSoC5\ADC_SARANAL_IntClock.c</File>
          <File BuildType="BUILD" Toolchain="">Generated_Source\PSoC5\ADC_SARANAL_IntClock.h</File>
          <File BuildType="BUILD" Toolchain="">Generated_Source\PSoC5\ADC_SARANAL_TempBuf_dma.c</File>
          <File BuildType="BUILD" Toolchain="">Generated_Source\PSoC5\ADC_SARANAL_TempBuf_dma.h</File>
          <File BuildType="BUILD" Toolchain="">Generated_Source\PSoC5\ADC_SARANAL_FinalBuf_dma.c</File>
          <File BuildType="BUILD" Toolchain="">Generated_Source\PSoC5\ADC_SARANAL_FinalBuf_dma.h</File>
          <File BuildType="BUILD" Toolchain="">Generated_Source\PSoC5\ADC_SARANAL_IRQ.c</File>
          <File BuildType="BUILD" Toolchain="">Generated_Source\PSoC5\ADC_SARANAL_IRQ.h</File>
          <File BuildType="BUILD" Toolchain="">Generated_Source\PSoC5\poti_aliases.h</File>
          <File BuildType="BUILD" Toolchain="">Generated_Source\PSoC5\poti.c</File>
          <File BuildType="BUILD" Toolchain="">Generated_Source\PSoC5\poti.h</File>
          <File BuildType="BUILD" Toolchain="">Generated_Source\PSoC5\ADC_pot_Bypass_aliases.h</File>
          <File BuildType="BUILD" Toolchain="">Generated_Source\PSoC5\ADC_pot_Bypass.c</File>
          <File BuildType="BUILD" Toolchain="">Generated_Source\PSoC5\ADC_pot_Bypass.h</File>
        </Files>
      </Folder>
      <Folder BuildType="STRICT" Path="C:\beagyazott rendszerek\potrobika\potrobika.cydsn\Export\ARM_GCC_Generic">
        <Files Root="C:\beagyazott rendszerek\potrobika\potrobika.cydsn">
          <File BuildType="BUILD" Toolchain="ARM GCC Generic">.\Export\ARM_GCC_Generic\CyComponentLibrary.a</File>
        </Files>
      </Folder>
      <Folder BuildType="STRICT" Path="C:\beagyazott rendszerek\potrobika\potrobika.cydsn\Export\ARM_MDK_Generic">
        <Files Root="C:\beagyazott rendszerek\potrobika\potrobika.cydsn">
          <File BuildType="BUILD" Toolchain="ARM MDK Generic">.\Export\ARM_MDK_Generic\CyComponentLibrary.a</File>
        </Files>
      </Folder>
      <Folder BuildType="STRICT" Path="C:\beagyazott rendszerek\potrobika\potrobika.cydsn\Export\ARM_IAR_Generic">
        <Files Root="C:\beagyazott rendszerek\potrobika\potrobika.cydsn">
          <File BuildType="BUILD" Toolchain="ARM IAR Generic">.\Export\ARM_IAR_Generic\CyComponentLibrary.a</File>
        </Files>
      </Folder>
      <Folder BuildType="EXCLUDE" Path=".\codegentemp">
        <Files Root="C:\beagyazott rendszerek\potrobika\potrobika.cydsn" />
      </Folder>
      <Folder BuildType="EXCLUDE" Path=".\ARM_GCC_441">
        <Files Root="C:\beagyazott rendszerek\potrobika\potrobika.cydsn" />
      </Folder>
      <Folder BuildType="EXCLUDE" Path=".\ARM_GCC_473">
        <Files Root="C:\beagyazott rendszerek\potrobika\potrobika.cydsn" />
      </Folder>
      <Folder BuildType="EXCLUDE" Path=".\DP8051_Keil_952">
        <Files Root="C:\beagyazott rendszerek\potrobika\potrobika.cydsn" />
      </Folder>
      <Folder BuildType="EXCLUDE" Path=".\DP8051">
        <Files Root="C:\beagyazott rendszerek\potrobika\potrobika.cydsn" />
      </Folder>
      <Folder BuildType="EXCLUDE" Path=".\CortexM0">
        <Files Root="C:\beagyazott rendszerek\potrobika\potrobika.cydsn" />
      </Folder>
      <Folder BuildType="EXCLUDE" Path=".\CortexM0p">
        <Files Root="C:\beagyazott rendszerek\potrobika\potrobika.cydsn" />
      </Folder>
      <Folder BuildType="EXCLUDE" Path=".\CortexM3">
        <Files Root="C:\beagyazott rendszerek\potrobika\potrobika.cydsn" />
      </Folder>
      <Folder BuildType="EXCLUDE" Path=".\CortexM4">
        <Files Root="C:\beagyazott rendszerek\potrobika\potrobika.cydsn" />
      </Folder>
      <Folder BuildType="EXCLUDE" Path=".\CortexM7">
        <Files Root="C:\beagyazott rendszerek\potrobika\potrobika.cydsn" />
      </Folder>
    </Folders>
  </Project>
</PSoCCreatorIdeExport>